,Z,T,gradT,Kn,n,Qimpact
mean,8.67905913977606,2069.076966904488,-11961.406049645608,0.020710837292405266,1.5626626005335272e+21,26640039326520.98
std,13.669707625124406,821.077270847071,38088.43961549462,0.050984348659354355,2.3073478756863393e+21,24865097678938.59
